,Pclass,Sex,Age,SibSp,Parch,Fare
105,0.8273772438659699,0.7376951317802901,-0.10463740114712752,-0.47454519624983954,-0.4736736092984604,-0.5813874613612847
68,0.8273772438659699,-1.3555735383351195,-0.9499856776813305,3.1548090514635256,2.0089333664952354,-0.5806338938943777
253,0.8273772438659699,0.7376951317802901,0.04906228549545483,0.4327933656785018,-0.4736736092984604,-0.369660810265427
320,0.8273772438659699,0.7376951317802901,-0.5657364610748746,-0.47454519624983954,-0.4736736092984604,-0.598053689790346
706,-0.3693648410115938,-1.3555735383351195,1.2018099353148226,-0.47454519624983954,-0.4736736092984604,-0.43675928334619424
271,0.8273772438659699,0.7376951317802901,-0.33518693111100106,-0.47454519624983954,-0.4736736092984604,-0.7851552012655622
424,0.8273772438659699,0.7376951317802901,-0.8731358343600393,0.4327933656785018,0.7676298785983874,-0.2635290908251752
752,0.8273772438659699,0.7376951317802901,0.27961181545932834,-0.47454519624983954,-0.4736736092984604,-0.5399877034704514
615,-0.3693648410115938,-1.3555735383351195,-0.41203677443229225,0.4327933656785018,2.0089333664952354,0.8923066257536167
2,0.8273772438659699,-1.3555735383351195,-0.2583370877897099,-0.47454519624983954,-0.4736736092984604,-0.5806338938943777
882,0.8273772438659699,-1.3555735383351195,-0.5657364610748746,-0.47454519624983954,-0.4736736092984604,-0.5137496197853684
467,-1.5661069258891576,0.7376951317802901,2.0471582118490255,-0.47454519624983954,-0.4736736092984604,-0.09997656269080521
403,0.8273772438659699,0.7376951317802901,-0.10463740114712752,0.4327933656785018,-0.4736736092984604,-0.3761125865231932
258,-1.5661069258891576,-1.3555735383351195,0.4333115021019107,-0.47454519624983954,-0.4736736092984604,4.3762658049472964
720,-0.3693648410115938,-1.3555735383351195,-1.7953339542155335,-0.47454519624983954,0.7676298785983874,0.06647926475955945
272,-0.3693648410115938,-1.3555735383351195,0.8944105620296577,-0.47454519624983954,0.7676298785983874,-0.2819166531598085
154,0.8273772438659699,0.7376951317802901,-0.10463740114712752,-0.47454519624983954,-0.4736736092984604,-0.5964407457259046
832,0.8273772438659699,0.7376951317802901,-0.10463740114712752,-0.47454519624983954,-0.4736736092984604,-0.5985904775749923
820,-1.5661069258891576,-1.3555735383351195,1.7397588385638607,0.4327933656785018,0.7676298785983874,1.627809119138949
382,0.8273772438659699,0.7376951317802901,0.20276197213803718,-0.47454519624983954,-0.4736736092984604,-0.5806338938943777
20,-0.3693648410115938,0.7376951317802901,0.4333115021019107,-0.47454519624983954,-0.4736736092984604,-0.1141704704578906
585,-1.5661069258891576,-1.3555735383351195,-0.8731358343600393,-0.47454519624983954,2.0089333664952354,1.2703807144587087
65,0.8273772438659699,0.7376951317802901,-0.10463740114712752,0.4327933656785018,0.7676298785983874,-0.3917052393829622
680,0.8273772438659699,-1.3555735383351195,-0.10463740114712752,-0.47454519624983954,-0.4736736092984604,-0.5751498840752766
878,0.8273772438659699,0.7376951317802901,-0.10463740114712752,-0.47454519624983954,-0.4736736092984604,-0.5813874613612847
304,0.8273772438659699,0.7376951317802901,-0.10463740114712752,-0.47454519624983954,-0.4736736092984604,-0.5774080057654946
823,0.8273772438659699,-1.3555735383351195,-0.1814872444684187,-0.47454519624983954,0.7676298785983874,-0.4632115660030352
521,0.8273772438659699,0.7376951317802901,-0.5657364610748746,-0.47454519624983954,-0.4736736092984604,-0.5813874613612847
333,0.8273772438659699,0.7376951317802901,-1.0268355210026217,1.340131927606843,-0.4736736092984604,-0.32062731070640493
698,-1.5661069258891576,0.7376951317802901,1.5092093085999871,0.4327933656785018,0.7676298785983874,2.076421768025449
481,-0.3693648410115938,0.7376951317802901,-0.10463740114712752,-0.47454519624983954,-0.4736736092984604,-0.7851552012655622
71,0.8273772438659699,-1.3555735383351195,-1.0268355210026217,4.0621476133918675,2.0089333664952354,0.4251980246913531
49,0.8273772438659699,-1.3555735383351195,-0.8731358343600393,0.4327933656785018,-0.4736736092984604,-0.32578873171261774
573,0.8273772438659699,-1.3555735383351195,-0.10463740114712752,-0.47454519624983954,-0.4736736092984604,-0.5851501372748139
338,0.8273772438659699,0.7376951317802901,1.2018099353148226,-0.47454519624983954,-0.4736736092984604,-0.5774080057654946
261,0.8273772438659699,0.7376951317802901,-2.025883484179407,3.1548090514635256,2.0089333664952354,0.02486530789696826
116,0.8273772438659699,0.7376951317802901,3.1614809400077477,-0.47454519624983954,-0.4736736092984604,-0.5851501372748139
76,0.8273772438659699,0.7376951317802901,-0.10463740114712752,-0.47454519624983954,-0.4736736092984604,-0.5813874613612847
48,0.8273772438659699,0.7376951317802901,-0.10463740114712752,1.340131927606843,-0.4736736092984604,-0.22567780987611313
843,0.8273772438659699,0.7376951317802901,0.3948865804412651,-0.47454519624983954,-0.4736736092984604,-0.6190219626280858
263,-1.5661069258891576,0.7376951317802901,0.8175607187083667,-0.47454519624983954,-0.4736736092984604,-0.7851552012655622
718,0.8273772438659699,0.7376951317802901,-0.10463740114712752,-0.47454519624983954,-0.4736736092984604,-0.38514507328406566
620,0.8273772438659699,0.7376951317802901,-0.1814872444684187,0.4327933656785018,-0.4736736092984604,-0.4121341437255527
786,0.8273772438659699,-1.3555735383351195,-0.8731358343600393,-0.47454519624983954,-0.4736736092984604,-0.5917103033737104
64,-1.5661069258891576,0.7376951317802901,-0.10463740114712752,-0.47454519624983954,-0.4736736092984604,-0.06976160412043515
857,-1.5661069258891576,0.7376951317802901,1.6629089952425695,-0.47454519624983954,-0.4736736092984604,-0.09997656269080521
52,-1.5661069258891576,-1.3555735383351195,1.5092093085999871,0.4327933656785018,-0.4736736092984604,1.1950033220839762
386,0.8273772438659699,0.7376951317802901,-2.1795831708219895,4.0621476133918675,2.0089333664952354,0.4251980246913531
124,-1.5661069258891576,0.7376951317802901,1.893458525206443,-0.47454519624983954,0.7676298785983874,1.209411428822819
578,0.8273772438659699,-1.3555735383351195,-0.10463740114712752,0.4327933656785018,-0.4736736092984604,-0.4120283345949253
549,-0.3693648410115938,0.7376951317802901,-1.6416342675729512,0.4327933656785018,0.7676298785983874,0.16325590862605055
118,-1.5661069258891576,0.7376951317802901,-0.41203677443229225,-0.47454519624983954,0.7676298785983874,4.3762658049472964
12,0.8273772438659699,0.7376951317802901,-0.719436147717457,-0.47454519624983954,-0.4736736092984604,-0.5774080057654946
157,0.8273772438659699,0.7376951317802901,0.04906228549545483,-0.47454519624983954,-0.4736736092984604,-0.5774080057654946
127,0.8273772438659699,0.7376951317802901,-0.41203677443229225,-0.47454519624983954,-0.4736736092984604,-0.6008485992652103
653,0.8273772438659699,-1.3555735383351195,-0.10463740114712752,-0.47454519624983954,-0.4736736092984604,-0.5831062145563536
235,0.8273772438659699,-1.3555735383351195,-0.10463740114712752,-0.47454519624983954,-0.4736736092984604,-0.5903115582810268
785,0.8273772438659699,0.7376951317802901,-0.33518693111100106,-0.47454519624983954,-0.4736736092984604,-0.598053689790346
241,0.8273772438659699,-1.3555735383351195,-0.10463740114712752,0.4327933656785018,-0.4736736092984604,-0.38514507328406566
351,-1.5661069258891576,0.7376951317802901,-0.10463740114712752,-0.47454519624983954,-0.4736736092984604,0.11809347482168803
862,-1.5661069258891576,-1.3555735383351195,1.432359465278696,-0.47454519624983954,-0.4736736092984604,-0.11599761349408991
851,0.8273772438659699,0.7376951317802901,3.430455391632267,-0.47454519624983954,-0.4736736092984604,-0.5845049596490373
753,0.8273772438659699,0.7376951317802901,-0.48888661775358344,-0.47454519624983954,-0.4736736092984604,-0.5813874613612847
532,0.8273772438659699,0.7376951317802901,-0.9499856776813305,0.4327933656785018,0.7676298785983874,-0.5985904775749923
485,0.8273772438659699,-1.3555735383351195,-0.10463740114712752,2.2474704895351842,0.7676298785983874,-0.1279333995709572
695,-0.3693648410115938,0.7376951317802901,1.7397588385638607,-0.47454519624983954,-0.4736736092984604,-0.43675928334619424
475,-1.5661069258891576,0.7376951317802901,-0.10463740114712752,-0.47454519624983954,-0.4736736092984604,0.556814260349781
17,-0.3693648410115938,0.7376951317802901,-0.10463740114712752,-0.47454519624983954,-0.4736736092984604,-0.4496628358617264
476,-0.3693648410115938,0.7376951317802901,0.35646165878061953,0.4327933656785018,-0.4736736092984604,-0.24320599561321204
533,0.8273772438659699,-1.3555735383351195,-0.10463740114712752,-0.47454519624983954,2.0089333664952354,-0.20815220484951744
416,-0.3693648410115938,-1.3555735383351195,0.35646165878061953,0.4327933656785018,0.7676298785983874,0.0535757122440273
345,-0.3693648410115938,-1.3555735383351195,-0.41203677443229225,-0.47454519624983954,-0.4736736092984604,-0.4496628358617264
242,-0.3693648410115938,0.7376951317802901,-0.027787557825836348,-0.47454519624983954,-0.4736736092984604,-0.5141805984393871
344,-0.3693648410115938,0.7376951317802901,0.5101613454232019,-0.47454519624983954,-0.4736736092984604,-0.4496628358617264
170,-1.5661069258891576,0.7376951317802901,2.4314074284554814,-0.47454519624983954,-0.4736736092984604,0.0793828172750916
187,-1.5661069258891576,0.7376951317802901,1.2018099353148226,-0.47454519624983954,-0.4736736092984604,-0.09997656269080521
800,-0.3693648410115938,0.7376951317802901,0.35646165878061953,-0.47454519624983954,-0.4736736092984604,-0.4496628358617264
457,-1.5661069258891576,-1.3555735383351195,-0.10463740114712752,0.4327933656785018,-0.4736736092984604,0.5532657834080096
652,0.8273772438659699,0.7376951317802901,-0.6425863043961658,-0.47454519624983954,-0.4736736092984604,-0.5675161424070877
451,0.8273772438659699,0.7376951317802901,-0.10463740114712752,0.4327933656785018,-0.4736736092984604,-0.2698724772418108
78,-0.3693648410115938,0.7376951317802901,-2.192647644186609,-0.47454519624983954,2.0089333664952354,-0.03674915536469772
889,-1.5661069258891576,0.7376951317802901,-0.2583370877897099,-0.47454519624983954,-0.4736736092984604,-0.010942050333633426
198,0.8273772438659699,-1.3555735383351195,-0.10463740114712752,-0.47454519624983954,-0.4736736092984604,-0.5851501372748139
492,-1.5661069258891576,0.7376951317802901,1.9703083685277343,-0.47454519624983954,-0.4736736092984604,0.0019615021818987187
813,0.8273772438659699,-1.3555735383351195,-1.7953339542155335,3.1548090514635256,2.0089333664952354,0.021962008580973507
526,-0.3693648410115938,-1.3555735383351195,1.5860591519212783,-0.47454519624983954,-0.4736736092984604,-0.5141805984393871
870,0.8273772438659699,0.7376951317802901,-0.2583370877897099,-0.47454519624983954,-0.4736736092984604,-0.5813874613612847
21,-0.3693648410115938,0.7376951317802901,0.35646165878061953,-0.47454519624983954,-0.4736736092984604,-0.4496628358617264
885,0.8273772438659699,-1.3555735383351195,0.7407108753870755,-0.47454519624983954,5.73284383018578,-0.03352326723581468
799,0.8273772438659699,-1.3555735383351195,0.04906228549545483,0.4327933656785018,0.7676298785983874,-0.16191361476535956
250,0.8273772438659699,0.7376951317802901,-0.10463740114712752,-0.47454519624983954,-0.4736736092984604,-0.598053689790346
243,0.8273772438659699,0.7376951317802901,-0.5657364610748746,-0.47454519624983954,-0.4736736092984604,-0.6012795779192291
701,-1.5661069258891576,0.7376951317802901,0.4333115021019107,-0.47454519624983954,-0.4736736092984604,-0.10675092776145957
35,-1.5661069258891576,0.7376951317802901,0.9712604053509489,0.4327933656785018,-0.4736736092984604,0.556814260349781
81,0.8273772438659699,0.7376951317802901,-0.027787557825836348,-0.47454519624983954,-0.4736736092984604,-0.5399877034704514
159,0.8273772438659699,0.7376951317802901,-0.10463740114712752,6.784163299176891,2.0089333664952354,1.0097289536449592
744,0.8273772438659699,0.7376951317802901,0.12591212881674602,-0.47454519624983954,-0.4736736092984604,-0.5806338938943777
524,0.8273772438659699,0.7376951317802901,-0.10463740114712752,-0.47454519624983954,-0.4736736092984604,-0.5985904775749923
109,0.8273772438659699,-1.3555735383351195,-0.10463740114712752,0.4327933656785018,-0.4736736092984604,-0.16191361476535956
337,-1.5661069258891576,-1.3555735383351195,0.8944105620296577,-0.47454519624983954,-0.4736736092984604,2.685900425412585
443,-0.3693648410115938,-1.3555735383351195,-0.10463740114712752,-0.47454519624983954,-0.4736736092984604,-0.4496628358617264
92,-1.5661069258891576,0.7376951317802901,1.2786597786361138,0.4327933656785018,-0.4736736092984604,0.7935944490097958
364,0.8273772438659699,0.7376951317802901,-0.10463740114712752,0.4327933656785018,-0.4736736092984604,-0.38514507328406566
434,-1.5661069258891576,0.7376951317802901,1.5860591519212783,0.4327933656785018,-0.4736736092984604,0.6574619699709316
465,0.8273772438659699,0.7376951317802901,0.6638610320657843,-0.47454519624983954,-0.4736736092984604,-0.6032151107965589
731,0.8273772438659699,0.7376951317802901,-1.4110847376090776,-0.47454519624983954,-0.4736736092984604,-0.30030421549444175
876,0.8273772438659699,0.7376951317802901,-0.719436147717457,-0.47454519624983954,-0.4736736092984604,-0.5310636065507094
211,-0.3693648410115938,-1.3555735383351195,0.4333115021019107,-0.47454519624983954,-0.4736736092984604,-0.24320599561321204
811,0.8273772438659699,0.7376951317802901,0.7407108753870755,-0.47454519624983954,-0.4736736092984604,-0.16191361476535956
165,0.8273772438659699,0.7376951317802901,-1.56478442425166,-0.47454519624983954,2.0089333664952354,-0.2554643705029676
238,-0.3693648410115938,0.7376951317802901,-0.7962859910387481,-0.47454519624983954,-0.4736736092984604,-0.5141805984393871
188,0.8273772438659699,0.7376951317802901,0.8175607187083667,0.4327933656785018,0.7676298785983874,-0.38514507328406566
471,0.8273772438659699,0.7376951317802901,0.6638610320657843,-0.47454519624983954,-0.4736736092984604,-0.5616011539339678
553,0.8273772438659699,0.7376951317802901,-0.5657364610748746,-0.47454519624983954,-0.4736736092984604,-0.5986988674161228
456,-1.5661069258891576,0.7376951317802901,2.738806801740646,-0.47454519624983954,-0.4736736092984604,-0.09997656269080521
366,-1.5661069258891576,-1.3555735383351195,2.3545575851341902,0.4327933656785018,-0.4736736092984604,1.1568294523220257
592,0.8273772438659699,0.7376951317802901,1.3555096219574048,-0.47454519624983954,-0.4736736092984604,-0.598053689790346
738,0.8273772438659699,0.7376951317802901,-0.10463740114712752,-0.47454519624983954,-0.4736736092984604,-0.5813874613612847
155,-1.5661069258891576,0.7376951317802901,1.6629089952425695,-0.47454519624983954,0.7676298785983874,0.7988642598571392
391,0.8273772438659699,0.7376951317802901,-0.6425863043961658,-0.47454519624983954,-0.4736736092984604,-0.5839681718643912
886,-0.3693648410115938,0.7376951317802901,-0.1814872444684187,-0.47454519624983954,-0.4736736092984604,-0.4496628358617264
724,-1.5661069258891576,0.7376951317802901,-0.1814872444684187,0.4327933656785018,-0.4736736092984604,0.5852020758839518
453,-1.5661069258891576,0.7376951317802901,1.5092093085999871,0.4327933656785018,-0.4736736092984604,1.5143662468433967
66,-0.3693648410115938,-1.3555735383351195,-0.027787557825836348,-0.47454519624983954,-0.4736736092984604,-0.5141805984393871
841,-0.3693648410115938,0.7376951317802901,-1.0268355210026217,-0.47454519624983954,-0.4736736092984604,-0.5141805984393871
408,0.8273772438659699,0.7376951317802901,-0.6425863043961658,-0.47454519624983954,-0.4736736092984604,-0.5845049596490373
462,-1.5661069258891576,0.7376951317802901,1.3555096219574048,-0.47454519624983954,-0.4736736092984604,0.20841834243041304
268,-1.5661069258891576,-1.3555735383351195,2.200857898491608,-0.47454519624983954,0.7676298785983874,3.175267654564142
161,-0.3693648410115938,-1.3555735383351195,0.8175607187083667,-0.47454519624983954,-0.4736736092984604,-0.37869329702629956
363,0.8273772438659699,0.7376951317802901,0.4333115021019107,-0.47454519624983954,-0.4736736092984604,-0.6032151107965589
406,0.8273772438659699,0.7376951317802901,1.6629089952425695,-0.47454519624983954,-0.4736736092984604,-0.5851501372748139
866,-0.3693648410115938,-1.3555735383351195,-0.1814872444684187,0.4327933656785018,-0.4736736092984604,-0.4275125976135639
881,0.8273772438659699,0.7376951317802901,0.27961181545932834,-0.47454519624983954,-0.4736736092984604,-0.5813874613612847
618,-0.3693648410115938,-1.3555735383351195,-1.949033640858116,1.340131927606843,0.7676298785983874,0.2213218949459452
100,0.8273772438659699,-1.3555735383351195,-0.10463740114712752,-0.47454519624983954,-0.4736736092984604,-0.5813874613612847
722,-0.3693648410115938,0.7376951317802901,0.35646165878061953,-0.47454519624983954,-0.4736736092984604,-0.4496628358617264
678,0.8273772438659699,-1.3555735383351195,1.0481102486722402,0.4327933656785018,6.974147318082627,0.4251980246913531
229,0.8273772438659699,-1.3555735383351195,-0.10463740114712752,2.2474704895351842,0.7676298785983874,-0.1279333995709572
334,-1.5661069258891576,-1.3555735383351195,-0.10463740114712752,0.4327933656785018,-0.4736736092984604,2.6639643861361804
558,-1.5661069258891576,-1.3555735383351195,0.7407108753870755,0.4327933656785018,0.7676298785983874,1.2703807144587087
669,-1.5661069258891576,-1.3555735383351195,-0.10463740114712752,0.4327933656785018,-0.4736736092984604,0.556814260349781
807,0.8273772438659699,-1.3555735383351195,-0.8731358343600393,-0.47454519624983954,-0.4736736092984604,-0.5845049596490373
520,-1.5661069258891576,-1.3555735383351195,0.04906228549545483,-0.47454519624983954,-0.4736736092984604,1.627809119138949
816,0.8273772438659699,-1.3555735383351195,-0.48888661775358344,-0.47454519624983954,-0.4736736092984604,-0.5806338938943777
220,0.8273772438659699,0.7376951317802901,-1.0268355210026217,-0.47454519624983954,-0.4736736092984604,-0.5774080057654946
810,0.8273772438659699,0.7376951317802901,-0.2583370877897099,-0.47454519624983954,-0.4736736092984604,-0.5816016603330426
309,-1.5661069258891576,-1.3555735383351195,0.04906228549545483,-0.47454519624983954,-0.4736736092984604,0.6840226424689031
688,0.8273772438659699,0.7376951317802901,-0.8731358343600393,-0.47454519624983954,-0.4736736092984604,-0.5839681718643912
787,0.8273772438659699,0.7376951317802901,-1.6416342675729512,3.1548090514635256,0.7676298785983874,-0.03352326723581468
15,-0.3693648410115938,-1.3555735383351195,1.9703083685277343,-0.47454519624983954,-0.4736736092984604,-0.3722415207685335
245,-1.5661069258891576,0.7376951317802901,1.1249600919935314,1.340131927606843,-0.4736736092984604,1.537484251530224
409,0.8273772438659699,-1.3555735383351195,-0.10463740114712752,2.2474704895351842,0.7676298785983874,-0.1279333995709572
6,-1.5661069258891576,0.7376951317802901,1.893458525206443,-0.47454519624983954,-0.4736736092984604,0.5532657834080096
452,-1.5661069258891576,0.7376951317802901,0.04906228549545483,-0.47454519624983954,-0.4736736092984604,-0.06900803665352809
441,0.8273772438659699,0.7376951317802901,-0.719436147717457,-0.47454519624983954,-0.4736736092984604,-0.5399877034704514
479,0.8273772438659699,-1.3555735383351195,-2.1027333275006983,-0.47454519624983954,0.7676298785983874,-0.46805039819635974
104,0.8273772438659699,0.7376951317802901,0.5870111887444931,1.340131927606843,-0.4736736092984604,-0.5806338938943777
303,-0.3693648410115938,-1.3555735383351195,-0.10463740114712752,-0.47454519624983954,-0.4736736092984604,-0.4664374541319182
650,0.8273772438659699,0.7376951317802901,-0.10463740114712752,-0.47454519624983954,-0.4736736092984604,-0.5813874613612847
208,0.8273772438659699,-1.3555735383351195,-1.0268355210026217,-0.47454519624983954,-0.4736736092984604,-0.5851501372748139
302,0.8273772438659699,0.7376951317802901,-0.7962859910387481,-0.47454519624983954,-0.4736736092984604,-0.7851552012655622
51,0.8273772438659699,0.7376951317802901,-0.6425863043961658,-0.47454519624983954,-0.4736736092984604,-0.5838597820232607
90,0.8273772438659699,0.7376951317802901,-0.027787557825836348,-0.47454519624983954,-0.4736736092984604,-0.5774080057654946
354,0.8273772438659699,0.7376951317802901,-0.10463740114712752,-0.47454519624983954,-0.4736736092984604,-0.5986988674161228
563,0.8273772438659699,0.7376951317802901,-0.10463740114712752,-0.47454519624983954,-0.4736736092984604,-0.5774080057654946
22,0.8273772438659699,-1.3555735383351195,-1.1036853643239128,-0.47454519624983954,-0.4736736092984604,-0.5779447935501408
374,0.8273772438659699,-1.3555735383351195,-2.025883484179407,2.2474704895351842,0.7676298785983874,-0.24127046273588224
825,0.8273772438659699,0.7376951317802901,-0.10463740114712752,-0.47454519624983954,-0.4736736092984604,-0.6057958212996654
218,-1.5661069258891576,-1.3555735383351195,0.20276197213803718,-0.47454519624983954,-0.4736736092984604,1.1837127136328855
657,0.8273772438659699,-1.3555735383351195,0.20276197213803718,0.4327933656785018,0.7676298785983874,-0.38514507328406566
422,0.8273772438659699,0.7376951317802901,-0.027787557825836348,-0.47454519624983954,-0.4736736092984604,-0.5819242491459309
420,0.8273772438659699,0.7376951317802901,-0.10463740114712752,-0.47454519624983954,-0.4736736092984604,-0.5813874613612847
460,-1.5661069258891576,0.7376951317802901,1.432359465278696,-0.47454519624983954,-0.4736736092984604,-0.09997656269080521
205,0.8273772438659699,-1.3555735383351195,-2.1027333275006983,-0.47454519624983954,0.7676298785983874,-0.5151483648780519
529,-0.3693648410115938,0.7376951317802901,-0.48888661775358344,1.340131927606843,0.7676298785983874,-0.4883734934083228
190,-0.3693648410115938,-1.3555735383351195,0.20276197213803718,-0.47454519624983954,-0.4736736092984604,-0.4496628358617264
361,-0.3693648410115938,0.7376951317802901,-0.027787557825836348,0.4327933656785018,-0.4736736092984604,-0.06976160412043515
735,0.8273772438659699,0.7376951317802901,-0.06621247948648194,-0.47454519624983954,-0.4736736092984604,-0.369660810265427
375,-1.5661069258891576,-1.3555735383351195,-0.10463740114712752,0.4327933656785018,-0.4736736092984604,1.3354352648210155
185,-1.5661069258891576,0.7376951317802901,-0.10463740114712752,-0.47454519624983954,-0.4736736092984604,0.5052000502876524
194,-1.5661069258891576,-1.3555735383351195,1.1249600919935314,-0.47454519624983954,-0.4736736092984604,-0.06976160412043515
401,0.8273772438659699,0.7376951317802901,-0.2583370877897099,-0.47454519624983954,-0.4736736092984604,-0.5774080057654946
436,0.8273772438659699,-1.3555735383351195,-0.6425863043961658,1.340131927606843,2.0089333664952354,0.10196403417727284
583,-1.5661069258891576,0.7376951317802901,0.5101613454232019,-0.47454519624983954,-0.4736736092984604,0.2503548881058925
132,0.8273772438659699,-1.3555735383351195,1.3555096219574048,0.4327933656785018,-0.4736736092984604,-0.4109521783151299
233,0.8273772438659699,-1.3555735383351195,-1.8721837975368247,3.1548090514635256,2.0089333664952354,0.02486530789696826
173,0.8273772438659699,0.7376951317802901,-0.6425863043961658,-0.47454519624983954,-0.4736736092984604,-0.5806338938943777
178,-0.3693648410115938,0.7376951317802901,0.04906228549545483,-0.47454519624983954,-0.4736736092984604,-0.4496628358617264
313,0.8273772438659699,0.7376951317802901,-0.10463740114712752,-0.47454519624983954,-0.4736736092984604,-0.5813874613612847
315,0.8273772438659699,-1.3555735383351195,-0.2583370877897099,-0.47454519624983954,-0.4736736092984604,-0.582461036930577
713,0.8273772438659699,0.7376951317802901,-0.027787557825836348,-0.47454519624983954,-0.4736736092984604,-0.5404186821244702
859,0.8273772438659699,0.7376951317802901,-0.10463740114712752,-0.47454519624983954,-0.4736736092984604,-0.5985904775749923
864,-0.3693648410115938,0.7376951317802901,-0.41203677443229225,-0.47454519624983954,-0.4736736092984604,-0.4496628358617264
206,0.8273772438659699,0.7376951317802901,0.20276197213803718,0.4327933656785018,-0.4736736092984604,-0.3761125865231932
557,-1.5661069258891576,0.7376951317802901,-0.10463740114712752,-0.47454519624983954,-0.4736736092984604,4.3762658049472964
493,-1.5661069258891576,0.7376951317802901,3.1999058616683933,-0.47454519624983954,-0.4736736092984604,0.4924048876132507
96,-1.5661069258891576,0.7376951317802901,3.1999058616683933,-0.47454519624983954,-0.4736736092984604,0.10916937790194607
527,-1.5661069258891576,0.7376951317802901,-0.10463740114712752,-0.47454519624983954,-0.4736736092984604,4.3762658049472964
761,0.8273772438659699,0.7376951317802901,0.8944105620296577,-0.47454519624983954,-0.4736736092984604,-0.6012795779192291
572,-1.5661069258891576,0.7376951317802901,0.5101613454232019,-0.47454519624983954,-0.4736736092984604,-0.1041702172583532
74,0.8273772438659699,0.7376951317802901,0.20276197213803718,-0.47454519624983954,-0.4736736092984604,0.6728378431484399
89,0.8273772438659699,0.7376951317802901,-0.41203677443229225,-0.47454519624983954,-0.4736736092984604,-0.5774080057654946
38,0.8273772438659699,-1.3555735383351195,-0.8731358343600393,1.340131927606843,-0.4736736092984604,-0.32062731070640493
179,0.8273772438659699,0.7376951317802901,0.5101613454232019,-0.47454519624983954,-0.4736736092984604,-0.7851552012655622
506,-0.3693648410115938,-1.3555735383351195,0.27961181545932834,-0.47454519624983954,2.0089333664952354,-0.1141704704578906
0,0.8273772438659699,0.7376951317802901,-0.5657364610748746,0.4327933656785018,-0.4736736092984604,-0.598053689790346
46,0.8273772438659699,0.7376951317802901,-0.10463740114712752,0.4327933656785018,-0.4736736092984604,-0.38514507328406566
171,0.8273772438659699,0.7376951317802901,-1.949033640858116,3.1548090514635256,0.7676298785983874,-0.03352326723581468
392,0.8273772438659699,0.7376951317802901,-0.10463740114712752,1.340131927606843,-0.4736736092984604,-0.5806338938943777
710,-1.5661069258891576,-1.3555735383351195,-0.41203677443229225,-0.47454519624983954,-0.4736736092984604,0.4924048876132507
518,-0.3693648410115938,-1.3555735383351195,0.5101613454232019,0.4327933656785018,-0.4736736092984604,-0.1141704704578906
782,-1.5661069258891576,0.7376951317802901,-0.027787557825836348,-0.47454519624983954,-0.4736736092984604,-0.010942050333633426
107,0.8273772438659699,0.7376951317802901,-0.10463740114712752,-0.47454519624983954,-0.4736736092984604,-0.5845049596490373
626,-0.3693648410115938,0.7376951317802901,2.1240080551703167,-0.47454519624983954,-0.4736736092984604,-0.4664374541319182
133,-0.3693648410115938,-1.3555735383351195,-0.027787557825836348,0.4327933656785018,-0.4736736092984604,-0.1141704704578906
806,-1.5661069258891576,0.7376951317802901,0.7407108753870755,-0.47454519624983954,-0.4736736092984604,-0.7851552012655622
223,0.8273772438659699,0.7376951317802901,-0.10463740114712752,-0.47454519624983954,-0.4736736092984604,-0.5813874613612847
603,0.8273772438659699,0.7376951317802901,1.1249600919935314,-0.47454519624983954,-0.4736736092984604,-0.5774080057654946
327,-0.3693648410115938,-1.3555735383351195,0.5101613454232019,-0.47454519624983954,-0.4736736092984604,-0.4496628358617264
827,-0.3693648410115938,0.7376951317802901,-2.1795831708219895,-0.47454519624983954,2.0089333664952354,0.169816074724947
102,-1.5661069258891576,0.7376951317802901,-0.6425863043961658,-0.47454519624983954,0.7676298785983874,1.209411428822819
625,-1.5661069258891576,0.7376951317802901,2.4314074284554814,-0.47454519624983954,-0.4736736092984604,0.04895107902246054
108,0.8273772438659699,0.7376951317802901,0.6638610320657843,-0.47454519624983954,-0.4736736092984604,-0.5813874613612847
213,-0.3693648410115938,0.7376951317802901,0.04906228549545483,-0.47454519624983954,-0.4736736092984604,-0.4496628358617264
586,-0.3693648410115938,0.7376951317802901,1.3555096219574048,-0.47454519624983954,-0.4736736092984604,-0.3980486257995978
499,0.8273772438659699,0.7376951317802901,-0.41203677443229225,-0.47454519624983954,-0.4736736092984604,-0.5839681718643912
821,0.8273772438659699,0.7376951317802901,-0.1814872444684187,-0.47454519624983954,-0.4736736092984604,-0.5616011539339678
246,0.8273772438659699,-1.3555735383351195,-0.33518693111100106,-0.47454519624983954,-0.4736736092984604,-0.5845049596490373
861,-0.3693648410115938,0.7376951317802901,-0.6425863043961658,0.4327933656785018,-0.4736736092984604,-0.4883734934083228
546,-0.3693648410115938,-1.3555735383351195,-0.7962859910387481,0.4327933656785018,-0.4736736092984604,-0.1141704704578906
125,0.8273772438659699,0.7376951317802901,-1.3342348942877864,0.4327933656785018,-0.4736736092984604,-0.49503946863784676
135,-0.3693648410115938,0.7376951317802901,-0.48888661775358344,-0.47454519624983954,-0.4736736092984604,-0.39686666038917506
466,-0.3693648410115938,0.7376951317802901,-0.10463740114712752,-0.47454519624983954,-0.4736736092984604,-0.7851552012655622
640,0.8273772438659699,0.7376951317802901,-0.719436147717457,-0.47454519624983954,-0.4736736092984604,-0.582461036930577
691,0.8273772438659699,-1.3555735383351195,-1.949033640858116,-0.47454519624983954,0.7676298785983874,-0.43890901519528186
661,0.8273772438659699,0.7376951317802901,0.8175607187083667,-0.47454519624983954,-0.4736736092984604,-0.5986988674161228
435,-1.5661069258891576,-1.3555735383351195,-1.180535207645204,0.4327933656785018,2.0089333664952354,2.3116974024621526
365,0.8273772438659699,0.7376951317802901,0.04906228549545483,-0.47454519624983954,-0.4736736092984604,-0.598053689790346
721,0.8273772438659699,0.7376951317802901,-0.9499856776813305,0.4327933656785018,-0.4736736092984604,-0.6031067209554285
224,-1.5661069258891576,0.7376951317802901,0.6638610320657843,0.4327933656785018,-0.4736736092984604,1.537484251530224
26,0.8273772438659699,0.7376951317802901,-0.10463740114712752,-0.47454519624983954,-0.4736736092984604,-0.5986988674161228
772,-0.3693648410115938,-1.3555735383351195,2.1240080551703167,-0.47454519624983954,-0.4736736092984604,-0.5141805984393871
571,-1.5661069258891576,-1.3555735383351195,1.816608681885152,1.340131927606843,-0.4736736092984604,0.5433739200496027
417,-0.3693648410115938,-1.3555735383351195,-0.8731358343600393,-0.47454519624983954,2.0089333664952354,-0.4496628358617264
497,0.8273772438659699,0.7376951317802901,-0.10463740114712752,-0.47454519624983954,-0.4736736092984604,-0.3954679152964914
628,0.8273772438659699,0.7376951317802901,-0.2583370877897099,-0.47454519624983954,-0.4736736092984604,-0.5813874613612847
765,-1.5661069258891576,-1.3555735383351195,1.6629089952425695,0.4327933656785018,-0.4736736092984604,1.2267228348776569
670,-0.3693648410115938,-1.3555735383351195,0.8175607187083667,0.4327933656785018,0.7676298785983874,0.2213218949459452
3,-1.5661069258891576,-1.3555735383351195,0.4333115021019107,0.4327933656785018,-0.4736736092984604,0.5852020758839518
134,-0.3693648410115938,0.7376951317802901,-0.33518693111100106,-0.47454519624983954,-0.4736736092984604,-0.4496628358617264
325,-1.5661069258891576,-1.3555735383351195,0.5101613454232019,-0.47454519624983954,-0.4736736092984604,2.71514761754429
355,0.8273772438659699,0.7376951317802901,-0.10463740114712752,-0.47454519624983954,-0.4736736092984604,-0.5399877034704514
812,-0.3693648410115938,0.7376951317802901,0.4333115021019107,-0.47454519624983954,-0.4736736092984604,-0.5141805984393871
186,0.8273772438659699,-1.3555735383351195,-0.10463740114712752,0.4327933656785018,-0.4736736092984604,-0.38514507328406566
682,0.8273772438659699,0.7376951317802901,-0.719436147717457,-0.47454519624983954,-0.4736736092984604,-0.5470846573539941
295,-1.5661069258891576,0.7376951317802901,-0.10463740114712752,-0.47454519624983954,-0.4736736092984604,-0.06976160412043515
743,0.8273772438659699,0.7376951317802901,-0.41203677443229225,0.4327933656785018,-0.4736736092984604,-0.369660810265427
548,0.8273772438659699,0.7376951317802901,0.27961181545932834,0.4327933656785018,0.7676298785983874,-0.2554643705029676
385,-0.3693648410115938,0.7376951317802901,-0.8731358343600393,-0.47454519624983954,-0.4736736092984604,1.1116670185176631
576,-0.3693648410115938,-1.3555735383351195,0.35646165878061953,-0.47454519624983954,-0.4736736092984604,-0.4496628358617264
702,0.8273772438659699,-1.3555735383351195,-0.8731358343600393,-0.47454519624983954,0.7676298785983874,-0.4121341437255527
873,0.8273772438659699,0.7376951317802901,1.3555096219574048,-0.47454519624983954,-0.4736736092984604,-0.5528912559859835
798,0.8273772438659699,0.7376951317802901,0.04906228549545483,-0.47454519624983954,-0.4736736092984604,-0.5985904775749923
427,-0.3693648410115938,-1.3555735383351195,-0.7962859910387481,-0.47454519624983954,-0.4736736092984604,-0.1141704704578906
225,0.8273772438659699,0.7376951317802901,-0.5657364610748746,-0.47454519624983954,-0.4736736092984604,-0.5438587692251111
729,0.8273772438659699,-1.3555735383351195,-0.33518693111100106,0.4327933656785018,-0.4736736092984604,-0.5806338938943777
330,0.8273772438659699,-1.3555735383351195,-0.10463740114712752,1.340131927606843,-0.4736736092984604,-0.1851400092933174
369,-1.5661069258891576,-1.3555735383351195,-0.41203677443229225,-0.47454519624983954,-0.4736736092984604,1.0032771773871931
605,0.8273772438659699,0.7376951317802901,0.5101613454232019,0.4327933656785018,-0.4736736092984604,-0.3838547180325124
332,-1.5661069258891576,0.7376951317802901,0.6638610320657843,-0.47454519624983954,0.7676298785983874,3.175267654564142
339,-1.5661069258891576,0.7376951317802901,1.2018099353148226,-0.47454519624983954,-0.4736736092984604,0.13099702733722018
419,0.8273772438659699,-1.3555735383351195,-1.4879345809303688,-0.47454519624983954,2.0089333664952354,-0.16191361476535956
687,0.8273772438659699,0.7376951317802901,-0.7962859910387481,-0.47454519624983954,-0.4736736092984604,-0.5226762974156135
860,0.8273772438659699,0.7376951317802901,0.8944105620296577,1.340131927606843,-0.4736736092984604,-0.4210608213557978
737,-1.5661069258891576,0.7376951317802901,0.4333115021019107,-0.47454519624983954,-0.4736736092984604,4.3762658049472964
844,0.8273772438659699,0.7376951317802901,-0.9499856776813305,-0.47454519624983954,-0.4736736092984604,-0.5616011539339678
454,0.8273772438659699,0.7376951317802901,-0.10463740114712752,-0.47454519624983954,-0.4736736092984604,-0.5774080057654946
404,0.8273772438659699,-1.3555735383351195,-0.719436147717457,-0.47454519624983954,-0.4736736092984604,-0.5616011539339678
415,0.8273772438659699,-1.3555735383351195,-0.10463740114712752,-0.47454519624983954,-0.4736736092984604,-0.5774080057654946
63,0.8273772438659699,0.7376951317802901,-1.949033640858116,2.2474704895351842,2.0089333664952354,-0.06513697089886848
604,-1.5661069258891576,0.7376951317802901,0.4333115021019107,-0.47454519624983954,-0.4736736092984604,-0.09997656269080521
888,0.8273772438659699,-1.3555735383351195,-0.10463740114712752,0.4327933656785018,2.0089333664952354,-0.17997858828710456
478,0.8273772438659699,0.7376951317802901,-0.5657364610748746,-0.47454519624983954,-0.4736736092984604,-0.5910651257479338
360,0.8273772438659699,0.7376951317802901,0.8175607187083667,0.4327933656785018,4.491540342288931,-0.06513697089886848
237,-0.3693648410115938,-1.3555735383351195,-1.6416342675729512,-0.47454519624983954,2.0089333664952354,-0.10771869420012452
703,0.8273772438659699,0.7376951317802901,-0.33518693111100106,-0.47454519624983954,-0.4736736092984604,-0.5853643362465718
855,0.8273772438659699,-1.3555735383351195,-0.8731358343600393,-0.47454519624983954,0.7676298785983874,-0.5438587692251111
112,0.8273772438659699,0.7376951317802901,-0.5657364610748746,-0.47454519624983954,-0.4736736092984604,-0.5774080057654946
884,0.8273772438659699,0.7376951317802901,-0.33518693111100106,-0.47454519624983954,-0.4736736092984604,-0.6032151107965589
569,0.8273772438659699,0.7376951317802901,0.20276197213803718,-0.47454519624983954,-0.4736736092984604,-0.582461036930577
126,0.8273772438659699,0.7376951317802901,-0.10463740114712752,-0.47454519624983954,-0.4736736092984604,-0.5851501372748139
259,-0.3693648410115938,-1.3555735383351195,1.5860591519212783,-0.47454519624983954,0.7676298785983874,-0.1141704704578906
662,-1.5661069258891576,0.7376951317802901,1.3555096219574048,-0.47454519624983954,-0.4736736092984604,-0.12481590128320465
630,-1.5661069258891576,0.7376951317802901,3.8915544515600136,-0.47454519624983954,-0.4736736092984604,-0.010942050333633426
137,-1.5661069258891576,0.7376951317802901,0.5870111887444931,0.4327933656785018,-0.4736736092984604,0.5852020758839518
7,0.8273772438659699,0.7376951317802901,-2.1027333275006983,2.2474704895351842,0.7676298785983874,-0.24127046273588224
502,0.8273772438659699,-1.3555735383351195,-0.10463740114712752,-0.47454519624983954,-0.4736736092984604,-0.5882676355625664
759,-1.5661069258891576,-1.3555735383351195,0.27961181545932834,-0.47454519624983954,-0.4736736092984604,1.447159383921499
622,0.8273772438659699,0.7376951317802901,-0.719436147717457,0.4327933656785018,0.7676298785983874,-0.3789074959980574
853,-1.5661069258891576,-1.3555735383351195,-1.0268355210026217,-0.47454519624983954,0.7676298785983874,0.23164473695837087
407,-0.3693648410115938,0.7376951317802901,-2.025883484179407,0.4327933656785018,0.7676298785983874,-0.3012719819331067
613,0.8273772438659699,0.7376951317802901,-0.10463740114712752,-0.47454519624983954,-0.4736736092984604,-0.5851501372748139
353,0.8273772438659699,0.7376951317802901,-0.33518693111100106,0.4327933656785018,-0.4736736092984604,-0.32578873171261774
153,0.8273772438659699,0.7376951317802901,0.8559856403690123,-0.47454519624983954,2.0089333664952354,-0.4109521783151299
343,-0.3693648410115938,0.7376951317802901,-0.33518693111100106,-0.47454519624983954,-0.4736736092984604,-0.4496628358617264
789,-1.5661069258891576,0.7376951317802901,1.2786597786361138,-0.47454519624983954,-0.4736736092984604,1.2587675171947297
790,0.8273772438659699,0.7376951317802901,-0.10463740114712752,-0.47454519624983954,-0.4736736092984604,-0.5851501372748139
733,-0.3693648410115938,0.7376951317802901,-0.48888661775358344,-0.47454519624983954,-0.4736736092984604,-0.4496628358617264
56,-0.3693648410115938,-1.3555735383351195,-0.6425863043961658,-0.47454519624983954,-0.4736736092984604,-0.5141805984393871
400,0.8273772438659699,0.7376951317802901,0.7407108753870755,-0.47454519624983954,-0.4736736092984604,-0.5806338938943777
473,-0.3693648410115938,-1.3555735383351195,-0.48888661775358344,-0.47454519624983954,-0.4736736092984604,-0.42923135080863273
468,0.8273772438659699,0.7376951317802901,-0.10463740114712752,-0.47454519624983954,-0.4736736092984604,-0.5857953149005906
795,-0.3693648410115938,0.7376951317802901,0.7407108753870755,-0.47454519624983954,-0.4736736092984604,-0.4496628358617264
593,0.8273772438659699,-1.3555735383351195,-0.10463740114712752,-0.47454519624983954,2.0089333664952354,-0.5851501372748139
504,-1.5661069258891576,-1.3555735383351195,-1.0268355210026217,-0.47454519624983954,-0.4736736092984604,1.447159383921499
568,0.8273772438659699,0.7376951317802901,-0.10463740114712752,-0.47454519624983954,-0.4736736092984604,-0.5985904775749923
577,-1.5661069258891576,-1.3555735383351195,0.7407108753870755,0.4327933656785018,-0.4736736092984604,0.6574619699709316
300,0.8273772438659699,-1.3555735383351195,-0.10463740114712752,-0.47454519624983954,-0.4736736092984604,-0.5851501372748139
716,-1.5661069258891576,-1.3555735383351195,0.6638610320657843,-0.47454519624983954,-0.4736736092984604,4.3762658049472964
590,0.8273772438659699,0.7376951317802901,0.4333115021019107,-0.47454519624983954,-0.4736736092984604,-0.6012795779192291
163,0.8273772438659699,0.7376951317802901,-0.9499856776813305,-0.47454519624983954,-0.4736736092984604,-0.5616011539339678
336,-1.5661069258891576,0.7376951317802901,-0.027787557825836348,0.4327933656785018,-0.4736736092984604,0.9335979938033194
59,0.8273772438659699,0.7376951317802901,-1.4110847376090776,4.0621476133918675,2.0089333664952354,0.4251980246913531
730,-1.5661069258891576,-1.3555735383351195,-0.027787557825836348,-0.47454519624983954,-0.4736736092984604,4.3762658049472964
828,0.8273772438659699,0.7376951317802901,-0.10463740114712752,-0.47454519624983954,-0.4736736092984604,-0.5851501372748139
490,0.8273772438659699,0.7376951317802901,-0.10463740114712752,0.4327933656785018,-0.4736736092984604,-0.2698724772418108
767,0.8273772438659699,-1.3555735383351195,0.08748720715610042,-0.47454519624983954,-0.4736736092984604,-0.5851501372748139
449,-1.5661069258891576,0.7376951317802901,1.7397588385638607,-0.47454519624983954,-0.4736736092984604,0.0019615021818987187
624,0.8273772438659699,0.7376951317802901,-0.6425863043961658,-0.47454519624983954,-0.4736736092984604,-0.369660810265427
437,-0.3693648410115938,-1.3555735383351195,-0.41203677443229225,1.340131927606843,3.250236854392083,-0.3012719819331067
641,-1.5661069258891576,-1.3555735383351195,-0.41203677443229225,-0.47454519624983954,-0.4736736092984604,1.0032771773871931
793,-1.5661069258891576,0.7376951317802901,-0.10463740114712752,-0.47454519624983954,-0.4736736092984604,0.007014533346981066
219,-0.3693648410115938,0.7376951317802901,0.04906228549545483,-0.47454519624983954,-0.4736736092984604,-0.5141805984393871
602,-1.5661069258891576,0.7376951317802901,-0.10463740114712752,-0.47454519624983954,-0.4736736092984604,0.30906605205156373
282,0.8273772438659699,0.7376951317802901,-1.0268355210026217,-0.47454519624983954,-0.4736736092984604,-0.5399877034704514
348,0.8273772438659699,0.7376951317802901,-2.025883484179407,0.4327933656785018,0.7676298785983874,-0.37482223127163994
608,-0.3693648410115938,-1.3555735383351195,-0.5657364610748746,0.4327933656785018,2.0089333664952354,0.28788358024206623
4,0.8273772438659699,0.7376951317802901,0.4333115021019107,-0.47454519624983954,-0.4736736092984604,-0.5774080057654946
717,-0.3693648410115938,-1.3555735383351195,-0.1814872444684187,-0.47454519624983954,-0.4736736092984604,-0.5141805984393871
463,-0.3693648410115938,0.7376951317802901,1.432359465278696,-0.47454519624983954,-0.4736736092984604,-0.4496628358617264
689,-1.5661069258891576,-1.3555735383351195,-1.1036853643239128,-0.47454519624983954,0.7676298785983874,4.3762658049472964
584,0.8273772438659699,0.7376951317802901,-0.10463740114712752,-0.47454519624983954,-0.4736736092984604,-0.5603107986824145
781,-1.5661069258891576,-1.3555735383351195,-0.9499856776813305,0.4327933656785018,-0.4736736092984604,0.6858497855051024
517,0.8273772438659699,0.7376951317802901,-0.10463740114712752,-0.47454519624983954,-0.4736736092984604,-0.16191361476535956
794,0.8273772438659699,0.7376951317802901,-0.33518693111100106,-0.47454519624983954,-0.4736736092984604,-0.5813874613612847
534,0.8273772438659699,-1.3555735383351195,0.04906228549545483,-0.47454519624983954,-0.4736736092984604,-0.5616011539339678
831,-0.3693648410115938,0.7376951317802901,-2.192647644186609,0.4327933656785018,0.7676298785983874,-0.3012719819331067
276,0.8273772438659699,-1.3555735383351195,1.2018099353148226,-0.47454519624983954,-0.4736736092984604,-0.5851501372748139
284,-1.5661069258891576,0.7376951317802901,-0.10463740114712752,-0.47454519624983954,-0.4736736092984604,-0.1141704704578906
470,0.8273772438659699,0.7376951317802901,-0.10463740114712752,-0.47454519624983954,-0.4736736092984604,-0.598053689790346
426,-0.3693648410115938,-1.3555735383351195,-0.10463740114712752,0.4327933656785018,-0.4736736092984604,-0.1141704704578906
281,0.8273772438659699,0.7376951317802901,-0.10463740114712752,-0.47454519624983954,-0.4736736092984604,-0.582461036930577
120,-0.3693648410115938,0.7376951317802901,-0.6425863043961658,1.340131927606843,-0.4736736092984604,1.1116670185176631
872,-1.5661069258891576,0.7376951317802901,0.27961181545932834,-0.47454519624983954,-0.4736736092984604,-0.6561196761102407
13,0.8273772438659699,0.7376951317802901,0.7407108753870755,0.4327933656785018,5.73284383018578,0.021962008580973507
582,-0.3693648410115938,0.7376951317802901,1.893458525206443,-0.47454519624983954,-0.4736736092984604,-0.1141704704578906
455,0.8273772438659699,0.7376951317802901,-0.027787557825836348,-0.47454519624983954,-0.4736736092984604,-0.5813874613612847
856,-1.5661069258891576,-1.3555735383351195,1.2018099353148226,0.4327933656785018,0.7676298785983874,3.4695770417594054
160,0.8273772438659699,0.7376951317802901,1.1249600919935314,-0.47454519624983954,0.7676298785983874,-0.369660810265427
868,0.8273772438659699,0.7376951317802901,-0.10463740114712752,-0.47454519624983954,-0.4736736092984604,-0.5399877034704514
601,0.8273772438659699,0.7376951317802901,-0.10463740114712752,-0.47454519624983954,-0.4736736092984604,-0.5813874613612847
636,0.8273772438659699,0.7376951317802901,0.20276197213803718,-0.47454519624983954,-0.4736736092984604,-0.5806338938943777
664,0.8273772438659699,0.7376951317802901,-0.719436147717457,0.4327933656785018,-0.4736736092984604,-0.5806338938943777
195,-1.5661069258891576,-1.3555735383351195,2.200857898491608,-0.47454519624983954,-0.4736736092984604,2.996122473570003
191,-0.3693648410115938,0.7376951317802901,-0.7962859910387481,-0.47454519624983954,-0.4736736092984604,-0.4496628358617264
536,-1.5661069258891576,0.7376951317802901,1.2018099353148226,-0.47454519624983954,-0.4736736092984604,-0.09997656269080521
164,0.8273772438659699,0.7376951317802901,-2.1795831708219895,3.1548090514635256,0.7676298785983874,0.2390642796548019
106,0.8273772438659699,-1.3555735383351195,-0.6425863043961658,-0.47454519624983954,-0.4736736092984604,-0.5877308477779203
16,0.8273772438659699,0.7376951317802901,-2.1027333275006983,3.1548090514635256,0.7676298785983874,-0.03352326723581468
575,0.8273772438659699,0.7376951317802901,-0.7962859910387481,-0.47454519624983954,-0.4736736092984604,-0.4109521783151299
805,0.8273772438659699,0.7376951317802901,0.12591212881674602,-0.47454519624983954,-0.4736736092984604,-0.5845049596490373
540,-1.5661069258891576,-1.3555735383351195,0.5101613454232019,-0.47454519624983954,2.0089333664952354,1.0471492559400024
329,-1.5661069258891576,-1.3555735383351195,-1.0268355210026217,-0.47454519624983954,0.7676298785983874,0.7111201027515206
480,0.8273772438659699,0.7376951317802901,-1.56478442425166,4.0621476133918675,2.0089333664952354,0.4251980246913531
498,-1.5661069258891576,-1.3555735383351195,-0.33518693111100106,0.4327933656785018,2.0089333664952354,3.1259115661922316
801,-0.3693648410115938,-1.3555735383351195,0.12591212881674602,0.4327933656785018,0.7676298785983874,-0.10771869420012452
405,-0.3693648410115938,0.7376951317802901,0.35646165878061953,0.4327933656785018,-0.4736736092984604,-0.24320599561321204
665,-0.3693648410115938,0.7376951317802901,0.20276197213803718,1.340131927606843,-0.4736736092984604,1.1116670185176631
93,0.8273772438659699,0.7376951317802901,-0.2583370877897099,0.4327933656785018,2.0089333664952354,-0.2541740152514144
433,0.8273772438659699,0.7376951317802901,-0.9499856776813305,-0.47454519624983954,-0.4736736092984604,-0.6012795779192291
83,-1.5661069258891576,0.7376951317802901,-0.10463740114712752,-0.47454519624983954,-0.4736736092984604,0.430359445697566
749,0.8273772438659699,0.7376951317802901,0.12591212881674602,-0.47454519624983954,-0.4736736092984604,-0.5851501372748139
692,0.8273772438659699,0.7376951317802901,-0.10463740114712752,-0.47454519624983954,-0.4736736092984604,0.6728378431484399
414,0.8273772438659699,0.7376951317802901,1.1249600919935314,-0.47454519624983954,-0.4736736092984604,-0.5806338938943777
869,0.8273772438659699,0.7376951317802901,-1.949033640858116,0.4327933656785018,0.7676298785983874,-0.49783695882321405
651,-0.3693648410115938,-1.3555735383351195,-0.8731358343600393,-0.47454519624983954,0.7676298785983874,-0.19159178555108347
649,0.8273772438659699,-1.3555735383351195,-0.48888661775358344,-0.47454519624983954,-0.4736736092984604,-0.5903115582810268
809,-1.5661069258891576,-1.3555735383351195,0.27961181545932834,0.4327933656785018,-0.4736736092984604,0.5852020758839518
322,-0.3693648410115938,-1.3555735383351195,0.04906228549545483,-0.47454519624983954,-0.4736736092984604,-0.4664374541319182
556,-1.5661069258891576,-1.3555735383351195,1.432359465278696,0.4327933656785018,-0.4736736092984604,0.23680615796458382
357,-0.3693648410115938,-1.3555735383351195,0.6638610320657843,-0.47454519624983954,-0.4736736092984604,-0.4496628358617264
69,0.8273772438659699,0.7376951317802901,-0.2583370877897099,1.340131927606843,-0.4736736092984604,-0.5616011539339678
514,0.8273772438659699,0.7376951317802901,-0.41203677443229225,-0.47454519624983954,-0.4736736092984604,-0.5917103033737104
509,0.8273772438659699,0.7376951317802901,-0.2583370877897099,-0.47454519624983954,-0.4736736092984604,0.6728378431484399
340,-0.3693648410115938,0.7376951317802901,-2.1027333275006983,0.4327933656785018,0.7676298785983874,-0.1141704704578906
221,-0.3693648410115938,0.7376951317802901,-0.1814872444684187,-0.47454519624983954,-0.4736736092984604,-0.4496628358617264
824,0.8273772438659699,0.7376951317802901,-2.1027333275006983,3.1548090514635256,0.7676298785983874,0.2390642796548019
146,0.8273772438659699,0.7376951317802901,-0.1814872444684187,-0.47454519624983954,-0.4736736092984604,-0.5839681718643912
289,0.8273772438659699,-1.3555735383351195,-0.5657364610748746,-0.47454519624983954,-0.4736736092984604,-0.5851501372748139
29,0.8273772438659699,0.7376951317802901,-0.10463740114712752,-0.47454519624983954,-0.4736736092984604,-0.5813874613612847
114,0.8273772438659699,-1.3555735383351195,-0.9499856776813305,-0.47454519624983954,-0.4736736092984604,-0.4120283345949253
508,0.8273772438659699,0.7376951317802901,-0.10463740114712752,-0.47454519624983954,-0.4736736092984604,-0.20385016044083903
792,0.8273772438659699,-1.3555735383351195,-0.10463740114712752,6.784163299176891,2.0089333664952354,1.0097289536449592
863,0.8273772438659699,-1.3555735383351195,-0.10463740114712752,6.784163299176891,2.0089333664952354,1.0097289536449592
176,0.8273772438659699,0.7376951317802901,-0.10463740114712752,2.2474704895351842,0.7676298785983874,-0.1279333995709572
168,-1.5661069258891576,0.7376951317802901,-0.10463740114712752,-0.47454519624983954,-0.4736736092984604,-0.11610600333522039
347,0.8273772438659699,-1.3555735383351195,-0.10463740114712752,0.4327933656785018,-0.4736736092984604,-0.369660810265427
376,0.8273772438659699,-1.3555735383351195,-0.5657364610748746,-0.47454519624983954,-0.4736736092984604,-0.598053689790346
679,-1.5661069258891576,0.7376951317802901,0.5101613454232019,-0.47454519624983954,0.7676298785983874,4.3762658049472964
775,0.8273772438659699,0.7376951317802901,-0.8731358343600393,-0.47454519624983954,-0.4736736092984604,-0.5851501372748139
757,-0.3693648410115938,0.7376951317802901,-0.8731358343600393,-0.47454519624983954,-0.4736736092984604,-0.4883734934083228
685,-0.3693648410115938,0.7376951317802901,-0.33518693111100106,0.4327933656785018,2.0089333664952354,0.28788358024206623
189,0.8273772438659699,0.7376951317802901,0.5101613454232019,-0.47454519624983954,-0.4736736092984604,-0.5813874613612847
136,-1.5661069258891576,-1.3555735383351195,-0.7962859910387481,-0.47454519624983954,2.0089333664952354,-0.10685931760259007
446,-0.3693648410115938,-1.3555735383351195,-1.2573850509664952,-0.47454519624983954,0.7676298785983874,-0.2819166531598085
746,0.8273772438659699,0.7376951317802901,-1.0268355210026217,0.4327933656785018,0.7676298785983874,-0.26256132438651025
254,0.8273772438659699,-1.3555735383351195,0.8944105620296577,-0.47454519624983954,2.0089333664952354,-0.2635290908251752
783,0.8273772438659699,0.7376951317802901,-0.10463740114712752,0.4327933656785018,2.0089333664952354,-0.17997858828710456
290,-1.5661069258891576,-1.3555735383351195,-0.2583370877897099,-0.47454519624983954,-0.4736736092984604,1.249735030433857
834,0.8273772438659699,0.7376951317802901,-0.8731358343600393,-0.47454519624983954,-0.4736736092984604,-0.5709562295077285
751,0.8273772438659699,0.7376951317802901,-1.7953339542155335,-0.47454519624983954,0.7676298785983874,-0.4632115660030352
232,-0.3693648410115938,0.7376951317802901,2.277707741812899,-0.47454519624983954,-0.4736736092984604,-0.43675928334619424
645,-1.5661069258891576,0.7376951317802901,1.432359465278696,0.4327933656785018,-0.4736736092984604,1.1950033220839762
33,-0.3693648410115938,0.7376951317802901,2.8156566450619374,-0.47454519624983954,-0.4736736092984604,-0.5141805984393871
88,-1.5661069258891576,-1.3555735383351195,-0.48888661775358344,2.2474704895351842,2.0089333664952354,4.3762658049472964
44,0.8273772438659699,-1.3555735383351195,-0.7962859910387481,-0.47454519624983954,-0.4736736092984604,-0.5818158593048004
341,-1.5661069258891576,-1.3555735383351195,-0.41203677443229225,2.2474704895351842,2.0089333664952354,4.3762658049472964
61,-1.5661069258891576,-1.3555735383351195,0.6638610320657843,-0.47454519624983954,-0.4736736092984604,1.2794132012195811
846,0.8273772438659699,0.7376951317802901,-0.10463740114712752,6.784163299176891,2.0089333664952354,1.0097289536449592
199,-0.3693648410115938,-1.3555735383351195,-0.41203677443229225,-0.47454519624983954,-0.4736736092984604,-0.4496628358617264
429,0.8273772438659699,0.7376951317802901,0.20276197213803718,-0.47454519624983954,-0.4736736092984604,-0.5774080057654946
667,0.8273772438659699,0.7376951317802901,-0.10463740114712752,-0.47454519624983954,-0.4736736092984604,-0.5845049596490373
394,0.8273772438659699,-1.3555735383351195,-0.41203677443229225,-0.47454519624983954,2.0089333664952354,-0.35417654724678854
297,-1.5661069258891576,-1.3555735383351195,-2.1027333275006983,0.4327933656785018,2.0089333664952354,3.1259115661922316
73,0.8273772438659699,0.7376951317802901,-0.2583370877897099,0.4327933656785018,-0.4736736092984604,-0.4121341437255527
393,-1.5661069258891576,-1.3555735383351195,-0.48888661775358344,0.4327933656785018,-0.4736736092984604,2.1381446211282453
547,-0.3693648410115938,0.7376951317802901,-0.10463740114712752,-0.47454519624983954,-0.4736736092984604,-0.42740420777243343
579,0.8273772438659699,0.7376951317802901,0.20276197213803718,-0.47454519624983954,-0.4736736092984604,-0.5806338938943777
541,0.8273772438659699,-1.3555735383351195,-1.56478442425166,3.1548090514635256,2.0089333664952354,0.021962008580973507
758,0.8273772438659699,0.7376951317802901,0.35646165878061953,-0.47454519624983954,-0.4736736092984604,-0.5774080057654946
741,-1.5661069258891576,0.7376951317802901,0.5101613454232019,0.4327933656785018,-0.4736736092984604,1.249735030433857
747,-0.3693648410115938,-1.3555735383351195,0.04906228549545483,-0.47454519624983954,-0.4736736092984604,-0.4496628358617264
663,0.8273772438659699,0.7376951317802901,0.5101613454232019,-0.47454519624983954,-0.4736736092984604,-0.5917103033737104
217,-0.3693648410115938,0.7376951317802901,0.9712604053509489,0.4327933656785018,-0.4736736092984604,-0.0883633654268263
539,-1.5661069258891576,-1.3555735383351195,-0.5657364610748746,-0.47454519624983954,2.0089333664952354,0.49229649777212026
736,0.8273772438659699,-1.3555735383351195,1.432359465278696,0.4327933656785018,3.250236854392083,0.10196403417727284
623,0.8273772438659699,0.7376951317802901,-0.6425863043961658,-0.47454519624983954,-0.4736736092984604,-0.582461036930577
668,0.8273772438659699,0.7376951317802901,1.0481102486722402,-0.47454519624983954,-0.4736736092984604,-0.5774080057654946
732,-0.3693648410115938,0.7376951317802901,-0.10463740114712752,-0.47454519624983954,-0.4736736092984604,-0.7851552012655622
421,0.8273772438659699,0.7376951317802901,-0.6425863043961658,-0.47454519624983954,-0.4736736092984604,-0.5855811159288327
138,0.8273772438659699,0.7376951317802901,-1.0268355210026217,-0.47454519624983954,-0.4736736092984604,-0.5472988563257519
212,0.8273772438659699,0.7376951317802901,-0.5657364610748746,-0.47454519624983954,-0.4736736092984604,-0.598053689790346
616,0.8273772438659699,0.7376951317802901,0.35646165878061953,0.4327933656785018,0.7676298785983874,-0.4135328888182363
748,-1.5661069258891576,0.7376951317802901,-0.7962859910387481,0.4327933656785018,-0.4736736092984604,0.5852020758839518
745,-1.5661069258891576,0.7376951317802901,3.123056018347102,0.4327933656785018,0.7676298785983874,1.0471492559400024
770,0.8273772438659699,0.7376951317802901,-0.41203677443229225,-0.47454519624983954,-0.4736736092984604,-0.5399877034704514
814,0.8273772438659699,0.7376951317802901,0.08748720715610042,-0.47454519624983954,-0.4736736092984604,-0.5774080057654946
234,-0.3693648410115938,0.7376951317802901,-0.41203677443229225,-0.47454519624983954,-0.4736736092984604,-0.5141805984393871
67,0.8273772438659699,0.7376951317802901,-0.7962859910387481,-0.47454519624983954,-0.4736736092984604,-0.5746130962906304
24,0.8273772438659699,-1.3555735383351195,-1.6416342675729512,2.2474704895351842,0.7676298785983874,-0.24127046273588224
381,0.8273772438659699,-1.3555735383351195,-2.1795831708219895,-0.47454519624983954,2.0089333664952354,-0.3789074959980574
216,0.8273772438659699,-1.3555735383351195,-0.1814872444684187,-0.47454519624983954,-0.4736736092984604,-0.5806338938943777
129,0.8273772438659699,0.7376951317802901,1.2018099353148226,-0.47454519624983954,-0.4736736092984604,-0.6051506436738888
349,0.8273772438659699,0.7376951317802901,0.9712604053509489,-0.47454519624983954,-0.4736736092984604,-0.5616011539339678
111,0.8273772438659699,-1.3555735383351195,-1.1421102859845584,0.4327933656785018,-0.4736736092984604,-0.4121341437255527
166,-1.5661069258891576,-1.3555735383351195,-0.10463740114712752,-0.47454519624983954,0.7676298785983874,0.6342355754429738
207,0.8273772438659699,0.7376951317802901,-0.2583370877897099,-0.47454519624983954,-0.4736736092984604,-0.30030421549444175
438,-1.5661069258891576,0.7376951317802901,2.661956958419355,0.4327933656785018,4.491540342288931,4.3762658049472964
552,0.8273772438659699,0.7376951317802901,-0.10463740114712752,-0.47454519624983954,-0.4736736092984604,-0.5831062145563536
274,0.8273772438659699,-1.3555735383351195,-0.10463740114712752,-0.47454519624983954,-0.4736736092984604,-0.5851501372748139
879,-1.5661069258891576,-1.3555735383351195,2.0471582118490255,-0.47454519624983954,0.7676298785983874,1.3609197810391913
591,-1.5661069258891576,-1.3555735383351195,1.7397588385638607,0.4327933656785018,-0.4736736092984604,1.2346817460692374
711,-1.5661069258891576,0.7376951317802901,-0.10463740114712752,-0.47454519624983954,-0.4736736092984604,-0.09997656269080521
525,0.8273772438659699,0.7376951317802901,0.8559856403690123,-0.47454519624983954,-0.4736736092984604,-0.5851501372748139
287,0.8273772438659699,0.7376951317802901,-0.5657364610748746,-0.47454519624983954,-0.4736736092984604,-0.5813874613612847
469,0.8273772438659699,-1.3555735383351195,-2.1987956316523123,1.340131927606843,0.7676298785983874,-0.2881542304458168
326,0.8273772438659699,0.7376951317802901,2.4314074284554814,-0.47454519624983954,-0.4736736092984604,-0.6241833836342986
121,0.8273772438659699,0.7376951317802901,-0.10463740114712752,-0.47454519624983954,-0.4736736092984604,-0.5774080057654946
507,-1.5661069258891576,0.7376951317802901,-0.10463740114712752,-0.47454519624983954,-0.4736736092984604,-0.09997656269080521
228,-0.3693648410115938,0.7376951317802901,-0.8731358343600393,-0.47454519624983954,-0.4736736092984604,-0.4496628358617264
673,-0.3693648410115938,0.7376951317802901,0.12591212881674602,-0.47454519624983954,-0.4736736092984604,-0.4496628358617264
595,0.8273772438659699,0.7376951317802901,0.5101613454232019,0.4327933656785018,0.7676298785983874,-0.16191361476535956
445,-1.5661069258891576,0.7376951317802901,-1.949033640858116,-0.47454519624983954,2.0089333664952354,1.3273705444988078
117,-0.3693648410115938,0.7376951317802901,-0.027787557825836348,0.4327933656785018,-0.4736736092984604,-0.24320599561321204
464,0.8273772438659699,0.7376951317802901,-0.10463740114712752,-0.47454519624983954,-0.4736736092984604,-0.5774080057654946
25,0.8273772438659699,-1.3555735383351195,0.6638610320657843,0.4327933656785018,5.73284383018578,0.02486530789696826
110,-1.5661069258891576,0.7376951317802901,1.3555096219574048,-0.47454519624983954,-0.4736736092984604,0.556814260349781
149,-0.3693648410115938,0.7376951317802901,0.9712604053509489,-0.47454519624983954,-0.4736736092984604,-0.4496628358617264
152,0.8273772438659699,0.7376951317802901,2.00873329018838,-0.47454519624983954,-0.4736736092984604,-0.5774080057654946
528,0.8273772438659699,0.7376951317802901,0.7407108753870755,-0.47454519624983954,-0.4736736092984604,-0.5806338938943777
696,0.8273772438659699,0.7376951317802901,1.1249600919935314,-0.47454519624983954,-0.4736736092984604,-0.5774080057654946
621,-1.5661069258891576,0.7376951317802901,0.9712604053509489,0.4327933656785018,-0.4736736092984604,0.5711165579579969
461,0.8273772438659699,0.7376951317802901,0.35646165878061953,-0.47454519624983954,-0.4736736092984604,-0.5774080057654946
598,0.8273772438659699,0.7376951317802901,-0.10463740114712752,-0.47454519624983954,-0.4736736092984604,-0.5986988674161228
139,-1.5661069258891576,0.7376951317802901,-0.41203677443229225,-0.47454519624983954,-0.4736736092984604,1.2587675171947297
260,0.8273772438659699,0.7376951317802901,-0.10463740114712752,-0.47454519624983954,-0.4736736092984604,-0.5851501372748139
323,-0.3693648410115938,-1.3555735383351195,-0.5657364610748746,0.4327933656785018,0.7676298785983874,-0.03674915536469772
865,-0.3693648410115938,-1.3555735383351195,0.9712604053509489,-0.47454519624983954,-0.4736736092984604,-0.4496628358617264
248,-1.5661069258891576,0.7376951317802901,0.5870111887444931,0.4327933656785018,0.7676298785983874,0.5711165579579969
450,-0.3693648410115938,0.7376951317802901,0.5101613454232019,0.4327933656785018,2.0089333664952354,-0.06900803665352809
410,0.8273772438659699,0.7376951317802901,-0.10463740114712752,-0.47454519624983954,-0.4736736092984604,-0.5813874613612847
607,-1.5661069258891576,0.7376951317802901,-0.1814872444684187,-0.47454519624983954,-0.4736736092984604,0.0019615021818987187
19,0.8273772438659699,-1.3555735383351195,-0.10463740114712752,-0.47454519624983954,-0.4736736092984604,-0.5986988674161228
328,0.8273772438659699,-1.3555735383351195,0.12591212881674602,0.4327933656785018,0.7676298785983874,-0.2554643705029676
296,0.8273772438659699,0.7376951317802901,-0.45046169609293785,-0.47454519624983954,-0.4736736092984604,-0.5985904775749923
269,-1.5661069258891576,-1.3555735383351195,0.4333115021019107,-0.47454519624983954,-0.4736736092984604,2.71514761754429
226,-0.3693648410115938,0.7376951317802901,-0.7962859910387481,-0.47454519624983954,-0.4736736092984604,-0.5141805984393871
94,0.8273772438659699,0.7376951317802901,2.277707741812899,-0.47454519624983954,-0.4736736092984604,-0.598053689790346
515,-1.5661069258891576,0.7376951317802901,1.3555096219574048,-0.47454519624983954,-0.4736736092984604,0.0928231575752699
637,-0.3693648410115938,0.7376951317802901,0.12591212881674602,0.4327933656785018,0.7676298785983874,-0.10771869420012452
280,0.8273772438659699,0.7376951317802901,2.738806801740646,-0.47454519624983954,-0.4736736092984604,-0.5851501372748139
286,0.8273772438659699,0.7376951317802901,0.04906228549545483,-0.47454519624983954,-0.4736736092984604,-0.5399877034704514
589,0.8273772438659699,0.7376951317802901,-0.10463740114712752,-0.47454519624983954,-0.4736736092984604,-0.5774080057654946
826,0.8273772438659699,0.7376951317802901,-0.10463740114712752,-0.47454519624983954,-0.4736736092984604,0.6728378431484399
444,0.8273772438659699,0.7376951317802901,-0.10463740114712752,-0.47454519624983954,-0.4736736092984604,-0.5757950617010531
184,0.8273772438659699,-1.3555735383351195,-1.949033640858116,-0.47454519624983954,2.0089333664952354,-0.2167537129563712
371,0.8273772438659699,0.7376951317802901,-0.8731358343600393,0.4327933656785018,-0.4736736092984604,-0.6175174084047748
776,0.8273772438659699,0.7376951317802901,-0.10463740114712752,-0.47454519624983954,-0.4736736092984604,-0.5851501372748139
867,-1.5661069258891576,0.7376951317802901,0.12591212881674602,-0.47454519624983954,-0.4736736092984604,0.5179952129620542
275,-1.5661069258891576,-1.3555735383351195,2.585107115098064,0.4327933656785018,-0.4736736092984604,1.2267228348776569
829,-1.5661069258891576,-1.3555735383351195,2.5082572717767726,-0.47454519624983954,-0.4736736092984604,1.2794132012195811
182,0.8273772438659699,0.7376951317802901,-1.56478442425166,3.1548090514635256,2.0089333664952354,0.02486530789696826
32,0.8273772438659699,-1.3555735383351195,-0.10463740114712752,-0.47454519624983954,-0.4736736092984604,-0.5851501372748139
80,0.8273772438659699,0.7376951317802901,-0.5657364610748746,-0.47454519624983954,-0.4736736092984604,-0.5528912559859835
307,-1.5661069258891576,-1.3555735383351195,-0.9499856776813305,0.4327933656785018,-0.4736736092984604,2.0252385366173393
11,-1.5661069258891576,-1.3555735383351195,2.200857898491608,-0.47454519624983954,-0.4736736092984604,-0.09997656269080521
43,-0.3693648410115938,-1.3555735383351195,-2.025883484179407,0.4327933656785018,2.0089333664952354,0.28788358024206623
86,0.8273772438659699,0.7376951317802901,-1.0268355210026217,0.4327933656785018,3.250236854392083,0.10196403417727284
36,0.8273772438659699,0.7376951317802901,-0.10463740114712752,-0.47454519624983954,-0.4736736092984604,-0.5985904775749923
871,-1.5661069258891576,-1.3555735383351195,1.3555096219574048,0.4327933656785018,0.7676298785983874,0.5711165579579969
58,-0.3693648410115938,-1.3555735383351195,-1.8721837975368247,0.4327933656785018,2.0089333664952354,-0.06900803665352809
41,-0.3693648410115938,-1.3555735383351195,-0.1814872444684187,0.4327933656785018,-0.4736736092984604,-0.24320599561321204
411,0.8273772438659699,0.7376951317802901,-0.10463740114712752,-0.47454519624983954,-0.4736736092984604,-0.608162332831014
562,-0.3693648410115938,0.7376951317802901,-0.10463740114712752,-0.47454519624983954,-0.4736736092984604,-0.43675928334619424
209,-1.5661069258891576,0.7376951317802901,0.8175607187083667,-0.47454519624983954,-0.4736736092984604,0.014865054697430866
148,-0.3693648410115938,0.7376951317802901,0.5485862670838475,-0.47454519624983954,2.0089333664952354,-0.1141704704578906
739,0.8273772438659699,0.7376951317802901,-0.10463740114712752,-0.47454519624983954,-0.4736736092984604,-0.5813874613612847
594,-0.3693648410115938,0.7376951317802901,0.5870111887444931,0.4327933656785018,-0.4736736092984604,-0.1141704704578906
123,-0.3693648410115938,-1.3555735383351195,0.24118689379868277,-0.47454519624983954,-0.4736736092984604,-0.4496628358617264
734,-0.3693648410115938,0.7376951317802901,-0.48888661775358344,-0.47454519624983954,-0.4736736092984604,-0.4496628358617264
574,0.8273772438659699,0.7376951317802901,-1.0268355210026217,-0.47454519624983954,-0.4736736092984604,-0.5774080057654946
98,-0.3693648410115938,-1.3555735383351195,0.35646165878061953,-0.47454519624983954,0.7676298785983874,-0.19159178555108347
377,-1.5661069258891576,0.7376951317802901,-0.1814872444684187,-0.47454519624983954,2.0089333664952354,4.3762658049472964
130,0.8273772438659699,0.7376951317802901,0.27961181545932834,-0.47454519624983954,-0.4736736092984604,-0.5813874613612847
699,0.8273772438659699,0.7376951317802901,0.9712604053509489,-0.47454519624983954,-0.4736736092984604,-0.5877308477779203
23,-1.5661069258891576,0.7376951317802901,-0.10463740114712752,-0.47454519624983954,-0.4736736092984604,0.13099702733722018
773,0.8273772438659699,0.7376951317802901,-0.10463740114712752,-0.47454519624983954,-0.4736736092984604,-0.5986988674161228
555,-1.5661069258891576,0.7376951317802901,2.5082572717767726,-0.47454519624983954,-0.4736736092984604,-0.09997656269080521
370,-1.5661069258891576,0.7376951317802901,-0.33518693111100106,0.4327933656785018,-0.4736736092984604,0.6456345737351948
512,-1.5661069258891576,0.7376951317802901,0.5101613454232019,-0.47454519624983954,-0.4736736092984604,-0.10675092776145957
383,-1.5661069258891576,-1.3555735383351195,0.4333115021019107,0.4327933656785018,-0.4736736092984604,0.556814260349781
201,0.8273772438659699,0.7376951317802901,-0.10463740114712752,6.784163299176891,2.0089333664952354,1.0097289536449592
368,0.8273772438659699,-1.3555735383351195,-0.10463740114712752,-0.47454519624983954,-0.4736736092984604,-0.5851501372748139
554,0.8273772438659699,-1.3555735383351195,-0.5657364610748746,-0.47454519624983954,-0.4736736092984604,-0.5845049596490373
610,0.8273772438659699,-1.3555735383351195,0.7407108753870755,0.4327933656785018,5.73284383018578,0.021962008580973507
387,-0.3693648410115938,-1.3555735383351195,0.5101613454232019,-0.47454519624983954,-0.4736736092984604,-0.4496628358617264
292,-0.3693648410115938,0.7376951317802901,0.5101613454232019,-0.47454519624983954,-0.4736736092984604,-0.4528887239906094
690,-1.5661069258891576,0.7376951317802901,0.12591212881674602,0.4327933656785018,-0.4736736092984604,0.6858497855051024
256,-1.5661069258891576,-1.3555735383351195,-0.10463740114712752,-0.47454519624983954,-0.4736736092984604,1.2587675171947297
606,0.8273772438659699,0.7376951317802901,0.04906228549545483,-0.47454519624983954,-0.4736736092984604,-0.5813874613612847
197,0.8273772438659699,0.7376951317802901,0.9712604053509489,-0.47454519624983954,0.7676298785983874,-0.5682671291634916
95,0.8273772438659699,0.7376951317802901,-0.10463740114712752,-0.47454519624983954,-0.4736736092984604,-0.5774080057654946
854,-0.3693648410115938,-1.3555735383351195,1.1249600919935314,0.4327933656785018,-0.4736736092984604,-0.1141704704578906
836,0.8273772438659699,0.7376951317802901,-0.6425863043961658,-0.47454519624983954,-0.4736736092984604,-0.5616011539339678
169,0.8273772438659699,0.7376951317802901,-0.10463740114712752,-0.47454519624983954,-0.4736736092984604,0.6728378431484399
581,-1.5661069258891576,-1.3555735383351195,0.7407108753870755,0.4327933656785018,0.7676298785983874,2.076421768025449
305,-1.5661069258891576,0.7376951317802901,-2.1857311582876924,0.4327933656785018,2.0089333664952354,3.1259115661922316
560,0.8273772438659699,0.7376951317802901,-0.10463740114712752,-0.47454519624983954,-0.4736736092984604,-0.5851501372748139
373,-1.5661069258891576,0.7376951317802901,-0.5657364610748746,-0.47454519624983954,-0.4736736092984604,2.71514761754429
719,0.8273772438659699,0.7376951317802901,0.27961181545932834,-0.47454519624983954,-0.4736736092984604,-0.5845049596490373
791,-0.3693648410115938,0.7376951317802901,-1.0268355210026217,-0.47454519624983954,-0.4736736092984604,-0.1141704704578906
227,0.8273772438659699,0.7376951317802901,-0.6810112260568114,-0.47454519624983954,-0.4736736092984604,-0.598053689790346
660,-1.5661069258891576,0.7376951317802901,1.5860591519212783,1.340131927606843,-0.4736736092984604,2.6639643861361804
143,0.8273772438659699,0.7376951317802901,-0.7962859910387481,-0.47454519624983954,-0.4736736092984604,-0.6109572423058782
180,0.8273772438659699,-1.3555735383351195,-0.10463740114712752,6.784163299176891,2.0089333664952354,1.0097289536449592
131,0.8273772438659699,0.7376951317802901,-0.719436147717457,-0.47454519624983954,-0.4736736092984604,-0.6032151107965589
842,-1.5661069258891576,-1.3555735383351195,0.04906228549545483,-0.47454519624983954,-0.4736736092984604,0.014865054697430866
47,0.8273772438659699,-1.3555735383351195,-0.10463740114712752,-0.47454519624983954,-0.4736736092984604,-0.5851501372748139
774,-0.3693648410115938,-1.3555735383351195,1.893458525206443,0.4327933656785018,3.250236854392083,-0.19159178555108347
324,0.8273772438659699,0.7376951317802901,-0.10463740114712752,6.784163299176891,2.0089333664952354,1.0097289536449592
203,0.8273772438659699,0.7376951317802901,1.2402348569754682,-0.47454519624983954,-0.4736736092984604,-0.5986988674161228
84,-0.3693648410115938,-1.3555735383351195,-0.9499856776813305,-0.47454519624983954,-0.4736736092984604,-0.5141805984393871
633,-1.5661069258891576,0.7376951317802901,-0.10463740114712752,-0.47454519624983954,-0.4736736092984604,-0.7851552012655622
565,0.8273772438659699,0.7376951317802901,-0.41203677443229225,1.340131927606843,-0.4736736092984604,-0.16191361476535956
611,0.8273772438659699,0.7376951317802901,-0.10463740114712752,-0.47454519624983954,-0.4736736092984604,-0.6032151107965589
398,-0.3693648410115938,0.7376951317802901,-0.48888661775358344,-0.47454519624983954,-0.4736736092984604,-0.5141805984393871
91,0.8273772438659699,0.7376951317802901,-0.719436147717457,-0.47454519624983954,-0.4736736092984604,-0.582461036930577
82,0.8273772438659699,-1.3555735383351195,-0.10463740114712752,-0.47454519624983954,-0.4736736092984604,-0.5841823708361491
430,-1.5661069258891576,0.7376951317802901,-0.10463740114712752,-0.47454519624983954,-0.4736736092984604,-0.09997656269080521
779,-1.5661069258891576,-1.3555735383351195,1.0481102486722402,-0.47454519624983954,0.7676298785983874,4.3762658049472964
119,0.8273772438659699,-1.3555735383351195,-2.1027333275006983,3.1548090514635256,2.0089333664952354,0.021962008580973507
291,-1.5661069258891576,-1.3555735383351195,-0.7962859910387481,0.4327933656785018,-0.4736736092984604,1.5653352792797486
57,0.8273772438659699,0.7376951317802901,-0.06621247948648194,-0.47454519624983954,-0.4736736092984604,-0.5985904775749923
321,0.8273772438659699,0.7376951317802901,-0.1814872444684187,-0.47454519624983954,-0.4736736092984604,-0.5813874613612847
257,-1.5661069258891576,-1.3555735383351195,0.04906228549545483,-0.47454519624983954,-0.4736736092984604,1.447159383921499
840,0.8273772438659699,0.7376951317802901,-0.719436147717457,-0.47454519624983954,-0.4736736092984604,-0.5806338938943777
442,0.8273772438659699,0.7376951317802901,-0.33518693111100106,0.4327933656785018,-0.4736736092984604,-0.5845049596490373
42,0.8273772438659699,0.7376951317802901,-0.10463740114712752,-0.47454519624983954,-0.4736736092984604,-0.5813874613612847
617,0.8273772438659699,-1.3555735383351195,-0.2583370877897099,0.4327933656785018,-0.4736736092984604,-0.369660810265427
388,0.8273772438659699,0.7376951317802901,-0.10463740114712752,-0.47454519624983954,-0.4736736092984604,-0.5856869250594601
335,0.8273772438659699,0.7376951317802901,-0.10463740114712752,-0.47454519624983954,-0.4736736092984604,-0.5813874613612847
273,-1.5661069258891576,0.7376951317802901,0.5870111887444931,-0.47454519624983954,0.7676298785983874,-0.018684181842952733
756,0.8273772438659699,0.7376951317802901,-0.10463740114712752,-0.47454519624983954,-0.4736736092984604,-0.5839681718643912
488,0.8273772438659699,0.7376951317802901,0.04906228549545483,-0.47454519624983954,-0.4736736092984604,-0.5774080057654946
550,-1.5661069258891576,0.7376951317802901,-0.9499856776813305,-0.47454519624983954,2.0089333664952354,2.076421768025449
53,-0.3693648410115938,-1.3555735383351195,-0.027787557825836348,0.4327933656785018,-0.4736736092984604,-0.1141704704578906
830,0.8273772438659699,-1.3555735383351195,-1.1036853643239128,0.4327933656785018,-0.4736736092984604,-0.4121341437255527
128,0.8273772438659699,-1.3555735383351195,-0.10463740114712752,0.4327933656785018,0.7676298785983874,-0.20815220484951744
802,-1.5661069258891576,0.7376951317802901,-1.4110847376090776,0.4327933656785018,2.0089333664952354,2.3116974024621526
28,0.8273772438659699,-1.3555735383351195,-0.10463740114712752,-0.47454519624983954,-0.4736736092984604,-0.5818158593048004
183,-0.3693648410115938,0.7376951317802901,-2.1795831708219895,1.340131927606843,0.7676298785983874,0.2213218949459452
459,0.8273772438659699,0.7376951317802901,-0.10463740114712752,-0.47454519624983954,-0.4736736092984604,-0.5851501372748139
510,0.8273772438659699,0.7376951317802901,-0.027787557825836348,-0.47454519624983954,-0.4736736092984604,-0.5851501372748139
675,0.8273772438659699,0.7376951317802901,-0.8731358343600393,-0.47454519624983954,-0.4736736092984604,-0.5845049596490373
151,-1.5661069258891576,-1.3555735383351195,-0.5657364610748746,0.4327933656785018,-0.4736736092984604,0.9335979938033194
244,0.8273772438659699,0.7376951317802901,0.04906228549545483,-0.47454519624983954,-0.4736736092984604,-0.5986988674161228
714,-0.3693648410115938,0.7376951317802901,1.7397588385638607,-0.47454519624983954,-0.4736736092984604,-0.4496628358617264
543,-0.3693648410115938,0.7376951317802901,0.20276197213803718,0.4327933656785018,-0.4736736092984604,-0.1141704704578906
544,-1.5661069258891576,0.7376951317802901,1.5860591519212783,0.4327933656785018,-0.4736736092984604,1.961365951665455
639,0.8273772438659699,0.7376951317802901,-0.10463740114712752,0.4327933656785018,-0.4736736092984604,-0.369660810265427
697,0.8273772438659699,-1.3555735383351195,-0.10463740114712752,-0.47454519624983954,-0.4736736092984604,-0.5855811159288327
265,-0.3693648410115938,0.7376951317802901,0.5101613454232019,-0.47454519624983954,-0.4736736092984604,-0.5141805984393871
288,-0.3693648410115938,0.7376951317802901,0.9712604053509489,-0.47454519624983954,-0.4736736092984604,-0.4496628358617264
423,0.8273772438659699,-1.3555735383351195,-0.10463740114712752,0.4327933656785018,0.7676298785983874,-0.4135328888182363
147,0.8273772438659699,-1.3555735383351195,-1.56478442425166,1.340131927606843,2.0089333664952354,0.10196403417727284
659,-1.5661069258891576,0.7376951317802901,2.200857898491608,-0.47454519624983954,2.0089333664952354,2.1381446211282453
797,0.8273772438659699,-1.3555735383351195,0.12591212881674602,-0.47454519624983954,-0.4736736092984604,-0.5610643661493216
858,0.8273772438659699,-1.3555735383351195,-0.41203677443229225,-0.47454519624983954,3.250236854392083,-0.2881542304458168
177,-1.5661069258891576,-1.3555735383351195,1.5860591519212783,-0.47454519624983954,-0.4736736092984604,-0.04416869806112874
99,-0.3693648410115938,0.7376951317802901,0.35646165878061953,0.4327933656785018,-0.4736736092984604,-0.1141704704578906
850,0.8273772438659699,0.7376951317802901,-1.949033640858116,3.1548090514635256,2.0089333664952354,0.021962008580973507
448,0.8273772438659699,-1.3555735383351195,-1.8721837975368247,1.340131927606843,0.7676298785983874,-0.2881542304458168
431,0.8273772438659699,-1.3555735383351195,-0.10463740114712752,0.4327933656785018,-0.4736736092984604,-0.369660810265427
847,0.8273772438659699,0.7376951317802901,0.4333115021019107,-0.47454519624983954,-0.4736736092984604,-0.5813874613612847
709,0.8273772438659699,0.7376951317802901,-0.10463740114712752,0.4327933656785018,0.7676298785983874,-0.3917052393829622
755,-0.3693648410115938,0.7376951317802901,-2.204943619118015,0.4327933656785018,0.7676298785983874,-0.4109521783151299
115,0.8273772438659699,0.7376951317802901,-0.6425863043961658,-0.47454519624983954,-0.4736736092984604,-0.5806338938943777
777,0.8273772438659699,-1.3555735383351195,-1.8721837975368247,-0.47454519624983954,-0.4736736092984604,-0.4632115660030352
72,-0.3693648410115938,0.7376951317802901,-0.6425863043961658,-0.47454519624983954,-0.4736736092984604,1.1116670185176631
845,0.8273772438659699,0.7376951317802901,0.9712604053509489,-0.47454519624983954,-0.4736736092984604,-0.5903115582810268
537,-1.5661069258891576,-1.3555735383351195,0.04906228549545483,-0.47454519624983954,-0.4736736092984604,1.961365951665455
677,0.8273772438659699,-1.3555735383351195,-0.8731358343600393,-0.47454519624983954,-0.4736736092984604,-0.5311694156813368
849,-1.5661069258891576,-1.3555735383351195,-0.10463740114712752,0.4327933656785018,-0.4736736092984604,1.5143662468433967
874,-0.3693648410115938,-1.3555735383351195,-0.10463740114712752,0.4327933656785018,-0.4736736092984604,-0.16578468052001918
174,-1.5661069258891576,0.7376951317802901,2.0471582118490255,-0.47454519624983954,-0.4736736092984604,0.007014533346981066
87,0.8273772438659699,0.7376951317802901,-0.10463740114712752,-0.47454519624983954,-0.4736736092984604,-0.5774080057654946
551,-0.3693648410115938,0.7376951317802901,-0.1814872444684187,-0.47454519624983954,-0.4736736092984604,-0.1141704704578906
486,-1.5661069258891576,-1.3555735383351195,0.4333115021019107,0.4327933656785018,-0.4736736092984604,1.537484251530224
705,-0.3693648410115938,0.7376951317802901,0.7407108753870755,-0.47454519624983954,-0.4736736092984604,-0.1141704704578906
314,-0.3693648410115938,0.7376951317802901,1.0481102486722402,0.4327933656785018,0.7676298785983874,-0.10771869420012452
396,0.8273772438659699,-1.3555735383351195,0.12591212881674602,-0.47454519624983954,-0.4736736092984604,-0.582461036930577
600,-0.3693648410115938,-1.3555735383351195,-0.41203677443229225,1.340131927606843,0.7676298785983874,-0.0883633654268263
472,-0.3693648410115938,-1.3555735383351195,0.27961181545932834,0.4327933656785018,2.0089333664952354,-0.06900803665352809
70,-0.3693648410115938,0.7376951317802901,0.20276197213803718,-0.47454519624983954,-0.4736736092984604,-0.5141805984393871
599,-1.5661069258891576,0.7376951317802901,1.5092093085999871,0.4327933656785018,-0.4736736092984604,0.6840226424689031
804,0.8273772438659699,0.7376951317802901,-0.1814872444684187,-0.47454519624983954,-0.4736736092984604,-0.6051506436738888
754,-0.3693648410115938,-1.3555735383351195,1.432359465278696,0.4327933656785018,2.0089333664952354,0.8923066257536167
277,-0.3693648410115938,0.7376951317802901,-0.10463740114712752,-0.47454519624983954,-0.4736736092984604,-0.7851552012655622
723,-0.3693648410115938,0.7376951317802901,1.5860591519212783,-0.47454519624983954,-0.4736736092984604,-0.4496628358617264
9,-0.3693648410115938,-1.3555735383351195,-1.180535207645204,0.4327933656785018,-0.4736736092984604,-0.009114907297434116
359,0.8273772438659699,-1.3555735383351195,-0.10463740114712752,-0.47454519624983954,-0.4736736092984604,-0.5818158593048004
707,-1.5661069258891576,0.7376951317802901,0.9712604053509489,-0.47454519624983954,-0.4736736092984604,-0.10675092776145957
763,-1.5661069258891576,-1.3555735383351195,0.5101613454232019,0.4327933656785018,2.0089333664952354,2.3116974024621526
835,-1.5661069258891576,-1.3555735383351195,0.7407108753870755,0.4327933656785018,0.7676298785983874,1.3609197810391913
192,0.8273772438659699,-1.3555735383351195,-0.7962859910387481,0.4327933656785018,-0.4736736092984604,-0.582461036930577
629,0.8273772438659699,0.7376951317802901,-0.10463740114712752,-0.47454519624983954,-0.4736736092984604,-0.5855811159288327
559,0.8273772438659699,-1.3555735383351195,0.5101613454232019,0.4327933656785018,-0.4736736092984604,-0.3361115737250435
684,-0.3693648410115938,0.7376951317802901,2.3545575851341902,0.4327933656785018,0.7676298785983874,0.2213218949459452
